Filename,URL
a-fine-day-out-at-the-bandon-show.md,http://static.flickr.com/54/169479586_b4eb44c9ab_m.jpg)](http://www.flickr.com/photos/bandon1/169479586/
a-fine-day-out-at-the-bandon-show.md,http://static.flickr.com/64/169479389_1441797a7f_m.jpg)](http://www.flickr.com/photos/bandon1/169479389/
a-fine-day-out-at-the-bandon-show.md,http://static.flickr.com/74/169479321_2dc1d50d81_m.jpg)](http://www.flickr.com/photos/bandon1/169479321/
a-fine-day-out-at-the-bandon-show.md,http://static.flickr.com/63/169479038_41412a200c_m.jpg)](http://www.flickr.com/photos/bandon1/169479038/
a-fine-day-out-at-the-bandon-show.md,http://static.flickr.com/64/169478881_9acd3eb941_m.jpg)](http://www.flickr.com/photos/bandon1/169478881/
a-fine-day-out-at-the-bandon-show.md,http://static.flickr.com/73/169478662_37468c962e_m.jpg)](http://www.flickr.com/photos/bandon1/169478662/
a-fine-day-out-at-the-bandon-show.md,http://static.flickr.com/72/169478523_ce6762d8a2_m.jpg)](http://www.flickr.com/photos/bandon1/169478523/
a-fine-day-out-at-the-bandon-show.md,http://static.flickr.com/56/169478321_5f6d8d9d1b_m.jpg)](http://www.flickr.com/photos/bandon1/169478321/
a-fine-day-out-at-the-bandon-show.md,http://static.flickr.com/73/169477956_ddf8efe4bb_m.jpg)](http://www.flickr.com/photos/bandon1/169477956/
a-perfect-hideaway.md,http://farm3.static.flickr.com/2389/2540910131_176a04b0ee.jpg)](http://www.flickr.com/photos/bandon1/2540910131/
a-perfect-hideaway.md,http://farm4.static.flickr.com/3036/2541690260_dfca0127fc.jpg)](http://www.flickr.com/photos/bandon1/2541690260/
a-perfect-hideaway.md,http://farm3.static.flickr.com/2094/2541694708_32867637aa.jpg)](http://www.flickr.com/photos/bandon1/2541694708/
a-perfect-hideaway.md,http://farm4.static.flickr.com/3082/2541696766_060e068000.jpg)](http://www.flickr.com/photos/bandon1/2541696766/
a-perfect-hideaway.md,http://farm3.static.flickr.com/2029/2541700452_39a0aa7dbb.jpg)](http://www.flickr.com/photos/bandon1/2541700452/
a-perfect-hideaway.md,http://farm3.static.flickr.com/2407/2541704576_a316cc87eb.jpg)](http://www.flickr.com/photos/bandon1/2541704576/
a-perfect-hideaway.md,http://farm3.static.flickr.com/2171/2540887767_af29730e73.jpg)](http://www.flickr.com/photos/bandon1/2540887767/
a-toast.md,http://static.flickr.com/67/226959654_ef19221308_m.jpg)](http://www.flickr.com/photos/bandon1/226959654/
an-irish-day-at-the-beach.md,http://static.flickr.com/55/165967851_59c1204b1e.jpg)](http://www.flickr.com/photos/bandon1/165967851/
an-irish-day-at-the-beach.md,http://static.flickr.com/58/165968542_8ae0258ffe.jpg)](http://www.flickr.com/photos/bandon1/165968542/
an-irish-day-at-the-beach.md,http://static.flickr.com/50/165968474_6d2c63d560.jpg)](http://www.flickr.com/photos/bandon1/165968474/
an-irish-day-at-the-beach.md,http://static.flickr.com/63/165972241_8fb8de0b33.jpg)](http://www.flickr.com/photos/bandon1/165972241/
an-irish-day-at-the-beach.md,http://static.flickr.com/62/165972303_e300f28738.jpg)](http://www.flickr.com/photos/bandon1/165972303/
and-it-burns-burns-burns-that-ring-of-fire.md,http://static.flickr.com/25/90377297_798cbac561_m.jpg)](http://www.flickr.com/photos/bandon1/90377297/
and-tonights-double-entendre-is.md,http://static.flickr.com/34/73327596_3acec87543.jpg)](http://www.flickr.com/photos/bandon1/73327596/
another-fine-market.md,http://static.flickr.com/55/141806054_9ece075501_m.jpg)](http://www.flickr.com/photos/bandon1/141806054/
another-fine-market.md,http://static.flickr.com/48/141805968_16e23ab566_m.jpg)](http://www.flickr.com/photos/bandon1/141805968/
another-fine-market.md,http://static.flickr.com/49/141805882_98b405e781_m.jpg)](http://www.flickr.com/photos/bandon1/141805882/
another-fine-market.md,http://static.flickr.com/55/141806034_04a34af221_m.jpg)](http://www.flickr.com/photos/bandon1/141806034/
apple-of-my-eye.md,http://static.flickr.com/84/249643967_a49d728d5d_m.jpg)](http://www.flickr.com/photos/bandon1/249643967/
awwww-shucks-sugar-shot-thumper.md,http://static.flickr.com/55/113214448_055dc64492_m.jpg)](http://www.flickr.com/photos/bandon1/113214448/
bandon-farmers-market-just-gets-better-and-better.md,http://static.flickr.com/46/169476494_c6cfb5404f_m.jpg)](http://flickr.com/photos/34306341@N00/169476494
bandon-farmers-market-just-gets-better-and-better.md,http://static.flickr.com/61/169476458_03c6ed94ab_m.jpg)](http://flickr.com/photos/34306341@N00/169476458
bandon-farmers-market-just-gets-better-and-better.md,http://static.flickr.com/76/169476422_44e43f4fa8_m.jpg)](http://flickr.com/photos/34306341@N00/169476422
bandon-farmers-market-just-gets-better-and-better.md,http://static.flickr.com/51/169476365_f3594bb214_m.jpg)](http://flickr.com/photos/34306341@N00/169476365
bandon-farmers-market-nearly-here.md,http://static.flickr.com/51/118059814_7d583def10_m.jpg)](http://www.flickr.com/photos/bandon1/118059814/
bandon-farmers-market-nearly-here.md,http://www.flickr.com/photos/bandon1/118059814/
bandon-farmers-market-nearly-here.md,http://static.flickr.com/51/118059814_7d583def10_m.jpg
bat-advice.md,http://farm4.static.flickr.com/3051/2814193374_56f8144ed2.jpg)](http://www.flickr.com/photos/bandon1/2814193374/
best-in-show.md,http://photos13.flickr.com/19737080_3d866b9c37_m.jpg)](http://www.flickr.com/photos/bandon1/19737080/
boom-bang-a-bang-banger.md,http://static.flickr.com/31/67556857_7d4674f305_m.jpg)](http://www.flickr.com/photos/bandon1/67556857/
boom-bang-a-bang-banger.md,http://static.flickr.com/34/67549344_b5f6a8ce59_m.jpg)](http://www.flickr.com/photos/bandon1/67549344/
boom-bang-a-bang-banger.md,http://static.flickr.com/28/67555221_1a161edbc8_m.jpg)](http://www.flickr.com/photos/bandon1/67555221/
boom-bang-a-bang-banger.md,http://static.flickr.com/31/67556857_7d4674f305_m.jpg)](http://www.flickr.com/photos/bandon1/67556857/
boom-bang-a-bang-banger.md,http://static.flickr.com/30/67558741_8effbf4528_m.jpg)](http://www.flickr.com/photos/bandon1/67558741/
brigadier-n-f-marwood-git-retired.md,http://static.flickr.com/58/201637497_f22da4baee_o.jpg)](http://www.flickr.com/photos/bandon1/201637497/
burgertastic.md,http://photos16.flickr.com/22324153_b17bffe81c_t.jpg)
camera-phone-blogging.md,http://photos14.flickr.com/18493785_e6890aa681_m.jpg)](http://www.flickr.com/photos/bandon1/18493785/
camera-phone-blogging.md,http://www.flickr.com/photos/bandon1/18493785/)
camera-phone-blogging.md,http://www.flickr.com/people/bandon1/).
can-you-review-a-wine-in-7-words.md,http://www.flickr.com/photos/bandon1/2253489588/
can-you-review-a-wine-in-7-words.md,http://farm3.static.flickr.com/2081/2253489588_c3f0ba2767_o.png)](http://www.flickr.com/photos/bandon1/2253489588/
can-you-review-a-wine-in-7-words.md,http://farm3.static.flickr.com/2231/2217164958_f704eeae64_o.jpg)
cant-let-this-pass-without-comment.md,http://www.flickr.com/).
conors-christmas-cookbook-collection.md,http://static.flickr.com/30/93714845_c94ec8ece0_m.jpg)](http://www.flickr.com/photos/bandon1/93714845/
cork-sailing-blog.md,http://farm3.static.flickr.com/2338/2038075642_9f6225a3b3_m.jpg)](http://www.flickr.com/photos/bandon1/2038075642/
cork-sailing-blog.md,http://farm3.static.flickr.com/2148/2038075686_4316d493ce_m.jpg)](http://www.flickr.com/photos/bandon1/2038075686/
dammit-there-goes-that-plan.md,http://static.flickr.com/38/117198423_0af4a2a46f.jpg)](http://www.flickr.com/photos/bandon1/117198423/
de-cecco-dont-have-to-worry.md,http://farm1.static.flickr.com/170/373863862_e8da33746e_m.jpg)](http://www.flickr.com/photos/bandon1/373863862/
de-cecco-dont-have-to-worry.md,http://farm1.static.flickr.com/148/373864273_42bd8d7991_m.jpg)](http://www.flickr.com/photos/bandon1/373864273/
de-cecco-dont-have-to-worry.md,http://farm1.static.flickr.com/125/373865003_a91a15e0ba_m.jpg)](http://www.flickr.com/photos/bandon1/373865003/
de-cecco-dont-have-to-worry.md,http://farm1.static.flickr.com/167/373864763_39608673b1_m.jpg)](http://www.flickr.com/photos/bandon1/373864763/
de-cecco-dont-have-to-worry.md,http://farm1.static.flickr.com/141/373862895_6faa5a7583_m.jpg)](http://www.flickr.com/photos/bandon1/373862895/
deasys-of-ring-seafood-restaurant.md,http://static.flickr.com/45/169475910_8b17c1767e.jpg)](http://www.flickr.com/photos/bandon1/169475910/
deasys-of-ring-seafood-restaurant.md,http://www.flickr.com/photos/bandon1/169475910/
deasys-of-ring-seafood-restaurant.md,http://static.flickr.com/45/169475910_8b17c1767e.jpg
did-someone-mention-snow.md,http://static.flickr.com/46/108163820_68b82bb07f_m.jpg)](http://www.flickr.com/photos/bandon1/108163820/
did-someone-mention-snow.md,"http://www.flickr.com/photos/bandon1/108163820/"""
digging-a-hole-to-china.md,http://static.flickr.com/79/279069406_666222981f_m.jpg)](http://www.flickr.com/photos/bandon1/279069406/
dinosaur-or-giraffe.md,http://static.flickr.com/36/95926919_068c2d11de_m.jpg)](http://www.flickr.com/photos/bandon1/95926919/
drivers-in-west-cork-this-is-how-a-roundabout-works.md,http://static.flickr.com/49/112568014_84cda338f7.jpg)](http://www.flickr.com/photos/bandon1/112568014/
drivers-in-west-cork-this-is-how-a-roundabout-works.md,http://static.flickr.com/46/112568033_b478e2e83f.jpg)](http://www.flickr.com/photos/bandon1/112568033/
elephant-no-show-shocker-at-bandon-show.md,http://photos9.flickr.com/15434326_32af186f40_m.jpg
elephant-no-show-shocker-at-bandon-show.md,http://photos14.flickr.com/15434327_a54014081b_m.jpg
elevenses.md,http://farm2.static.flickr.com/1324/1319486763_0503c3c4c4.jpg)](http://www.flickr.com/photos/bandon1/1319486763/
fab-fota-photos.md,http://static.flickr.com/58/213054657_2f4e57ffcd.jpg)](http://www.flickr.com/photos/bandon1/213054657/
fab-fota-photos.md,http://static.flickr.com/85/213055061_2ae345c34c.jpg)](http://www.flickr.com/photos/bandon1/213055061/
fab-fota-photos.md,http://static.flickr.com/76/213058047_6263ff5638.jpg)](http://www.flickr.com/photos/bandon1/213058047/
fabulous-fionns-fotos-finally-flickred.md,http://www.flickr.com/photos/bandon1/sets/581146/)
fionn-philip-thomas-oneill.md,http://photos22.flickr.com/24461562_f0b70ee42d_m.jpg)](http://www.flickr.com/photos/bandon1/24461562/
fionn-philip-thomas-oneill.md,http://www.flickr.com/photos/bandon1/24461562/)
fionn-philip-thomas-oneill.md,http://www.flickr.com/people/bandon1/).
flickr.md,"http://www.flickr.com/images/flickr_logo_blog.gif)](http://www.flickr.com/r/testpost),"
fun-food-in-arthurstown.md,http://farm4.static.flickr.com/3070/2752376585_122ab01dc7.jpg)](http://www.flickr.com/photos/bandon1/2752376585/
fun-food-in-arthurstown.md,http://farm4.static.flickr.com/3100/2752380947_66c8c54400.jpg)](http://www.flickr.com/photos/bandon1/2752380947/
fun-food-in-arthurstown.md,http://farm4.static.flickr.com/3166/2752364157_69c0f20cfd.jpg)](http://www.flickr.com/photos/bandon1/2752364157/
fun-food-in-arthurstown.md,http://farm4.static.flickr.com/3079/2752365329_c517e12287.jpg)](http://www.flickr.com/photos/bandon1/2752365329/
fun-food-in-arthurstown.md,http://farm4.static.flickr.com/3075/2753197414_cba1f04bdb.jpg)](http://www.flickr.com/photos/bandon1/2753197414/
fun-food-in-arthurstown.md,http://farm4.static.flickr.com/3078/2753197044_0a631891db.jpg)](http://www.flickr.com/photos/bandon1/2753197044/
fun-food-in-arthurstown.md,http://farm4.static.flickr.com/3100/2752377309_0927e7c3e1.jpg)](http://www.flickr.com/photos/bandon1/2752377309/
fun-food-in-arthurstown.md,http://farm4.static.flickr.com/3039/2753199112_d585920fa1.jpg)](http://www.flickr.com/photos/bandon1/2753199112/
fun-food-in-arthurstown.md,http://farm4.static.flickr.com/3074/2752365969_6d2f839976.jpg)](http://www.flickr.com/photos/bandon1/2752365969/
fun-food-in-arthurstown.md,http://farm4.static.flickr.com/3189/2753215368_4393a02ffd.jpg)](http://www.flickr.com/photos/bandon1/2753215368/
fun-food-in-arthurstown.md,http://farm4.static.flickr.com/3284/2753198712_329d00b9bd.jpg)](http://www.flickr.com/photos/bandon1/2753198712/
fun-food-in-arthurstown.md,http://farm4.static.flickr.com/3236/2753203008_b729347d7e.jpg)](http://www.flickr.com/photos/bandon1/2753203008/
gday-commissioner-gordon-its-bitmin-heah.md,http://static.flickr.com/38/80530566_b0f141f89d_m.jpg)
harness-racing-not-just-for-dublin-skangers.md,http://static.flickr.com/26/53699265_e098182cba_m.jpg)](http://www.flickr.com/photos/bandon1/53699265/
harness-racing-not-just-for-dublin-skangers.md,http://static.flickr.com/28/53698955_85cb5f807d_m.jpg)](http://www.flickr.com/photos/bandon1/53698955/
having-some-nice-rashers-for-breakfast.md,http://farm4.static.flickr.com/3048/3088423773_7b404f5676.jpg)](http://www.flickr.com/photos/bandon1/3088423773/
heavens-above-stuck-in-limbo.md,http://static.flickr.com/75/213089955_c8a8e413ce_m.jpg)](http://www.flickr.com/photos/bandon1/213089955/
heavens-above-stuck-in-limbo.md,http://static.flickr.com/85/213090219_b6d3169492_m.jpg)](http://www.flickr.com/photos/bandon1/213090219/
heavens-above-stuck-in-limbo.md,http://static.flickr.com/83/213090429_03f37236c4_m.jpg)](http://www.flickr.com/photos/bandon1/213090429/
heavens-above-stuck-in-limbo.md,http://www.flickr.com/photos/bandon1/213089955/
heavens-above-stuck-in-limbo.md,http://static.flickr.com/75/213089955_c8a8e413ce_m.jpg
heavens-above-stuck-in-limbo.md,http://www.flickr.com/photos/bandon1/213090219/
heavens-above-stuck-in-limbo.md,http://static.flickr.com/85/213090219_b6d3169492_m.jpg
heavens-above-stuck-in-limbo.md,http://www.flickr.com/photos/bandon1/213090429/
heavens-above-stuck-in-limbo.md,http://static.flickr.com/83/213090429_03f37236c4_m.jpg
hot-hot-hot-hot-sauces.md,http://farm4.static.flickr.com/3270/2654526137_35dffe7bfa.jpg)](http://www.flickr.com/photos/bandon1/2654526137/
how-to-feel-just-a-bit-stupid.md,http://farm2.static.flickr.com/1334/1231580385_3cc50dbb20.jpg)](http://www.flickr.com/photos/bandon1/1231580385/
how-to-feel-just-a-bit-stupid.md,http://farm2.static.flickr.com/1403/1232443846_b72997a36a_m.jpg)](http://www.flickr.com/photos/bandon1/1232443846/
how-to-feel-just-a-bit-stupid.md,http://farm2.static.flickr.com/1379/1232440840_0f57472086_m.jpg)](http://www.flickr.com/photos/bandon1/1232440840/
how-to-feel-just-a-bit-stupid.md,http://farm2.static.flickr.com/1438/1232445256_12a443852a_m.jpg)](http://www.flickr.com/photos/bandon1/1232445256/
how-to-feel-just-a-bit-stupid.md,http://farm2.static.flickr.com/1395/1231584685_5061cc8dae_m.jpg)](http://www.flickr.com/photos/bandon1/1231584685/
how-to-render-me-speechless.md,http://farm3.static.flickr.com/2126/2107958847_edd78112cd.jpg)](http://www.flickr.com/photos/bandon1/2107958847/
hugh-pugh-barney-mcgrew-cuthbert-dibble-and-conor.md,http://static.flickr.com/32/55584952_8644620dc9_m.jpg)](http://www.flickr.com/photos/bandon1/55584952/
hugh-pugh-barney-mcgrew-cuthbert-dibble-and-conor.md,http://static.flickr.com/28/55584765_aef17fe334_m.jpg)](http://www.flickr.com/photos/bandon1/55584765/
hugh-pugh-barney-mcgrew-cuthbert-dibble-and-conor.md,http://static.flickr.com/30/55585030_c7ce8e3857_m.jpg)](http://www.flickr.com/photos/bandon1/55585030/
hugh-pugh-barney-mcgrew-cuthbert-dibble-and-conor.md,http://static.flickr.com/26/55584448_74cb6591c8_m.jpg)](http://www.flickr.com/photos/bandon1/55584448/
hugh-pugh-barney-mcgrew-cuthbert-dibble-and-conor.md,http://static.flickr.com/24/55584647_6f94d1888c_m.jpg)](http://www.flickr.com/photos/bandon1/55584647/
hugh-pugh-barney-mcgrew-cuthbert-dibble-and-conor.md,http://static.flickr.com/24/55584721_8c32bbf8dd_m.jpg)](http://www.flickr.com/photos/bandon1/55584721/
hugh-pugh-barney-mcgrew-cuthbert-dibble-and-conor.md,http://www.flickr.com/photos/bandon1/sets/1203940/).
hulk-hogan-vs-philip-yaksplitter-johnston-in-warhammer-smackdown.md,http://static.flickr.com/52/106905957_b1fbb023d7_m.jpg)](http://www.flickr.com/photos/bandon1/106905957/
i-am-the-weaver.md,http://photos21.flickr.com/33867746_eb14c76efc_m.jpg)](http://www.flickr.com/photos/bandon1/33867746/
i-despair-its-youre-birthday.md,http://static.flickr.com/28/67542302_3a416567af_m.jpg)](http://www.flickr.com/photos/bandon1/67542302/
i-despair-its-youre-birthday.md,http://static.flickr.com/26/67542304_cff7d1843b_m.jpg)](http://www.flickr.com/photos/bandon1/67542304/
i-miss-dublin-particularly-the-rats.md,http://static.flickr.com/90/236304422_0efed5b2c6.jpg)](http://www.flickr.com/photos/bandon1/236304422/
i-picked-the-wrong-day-to-start-carrying-a-concealed-357-magnum.md,http://static.flickr.com/40/87408528_3fd2748626_m.jpg)](http://www.flickr.com/photos/bandon1/87408528/
i-swear-the-queues-of-screaming-fans-were-out-the-door-of-roches-stores-cork.md,http://static.flickr.com/54/117198372_accdf3ebd5.jpg)](http://www.flickr.com/photos/bandon1/117198372/
i-think-i-know-why-the-ambush-went-badly.md,http://static.flickr.com/93/220794287_9ea4ad441e.jpg)](http://www.flickr.com/photos/bandon1/220794287/
ill-have-the-calfs-head-please.md,http://farm1.static.flickr.com/142/323910127_9be2ad0d32_m.jpg)](http://www.flickr.com/photos/bandon1/323910127/
ill-have-the-calfs-head-please.md,http://farm1.static.flickr.com/140/323909209_f0e38108c6_m.jpg)](http://www.flickr.com/photos/bandon1/323909209/
ill-have-the-calfs-head-please.md,http://farm1.static.flickr.com/132/323908011_eacf20ce97_m.jpg)](http://www.flickr.com/photos/bandon1/323908011/
ill-have-the-calfs-head-please.md,http://farm1.static.flickr.com/129/323908181_2b8ec712a0_m.jpg)](http://www.flickr.com/photos/bandon1/323908181/
ill-have-the-calfs-head-please.md,http://farm1.static.flickr.com/125/323908355_1daa64cd08_m.jpg)](http://www.flickr.com/photos/bandon1/323908355/
ill-have-the-calfs-head-please.md,http://farm1.static.flickr.com/144/323908832_685f4f90aa_m.jpg)](http://www.flickr.com/photos/bandon1/323908832/
ill-have-the-calfs-head-please.md,http://farm1.static.flickr.com/129/323909008_6b55152964_m.jpg)](http://www.flickr.com/photos/bandon1/323909008/
im-not-eating-that-its-for-cats.md,http://static.flickr.com/88/264740448_4a3b2c5fce_m.jpg)](http://www.flickr.com/photos/bandon1/264740448/
in-n-out-burger-santa-clara.md,http://static.flickr.com/76/158512668_764b57081e.jpg)](http://www.flickr.com/photos/bandon1/158512668/
in-n-out-burger-santa-clara.md,http://static.flickr.com/62/158512670_082fc27558.jpg)](http://www.flickr.com/photos/bandon1/158512670/
in-n-out-burger-santa-clara.md,http://www.flickr.com/photos/bandon1/158512668/
in-n-out-burger-santa-clara.md,http://static.flickr.com/76/158512668_764b57081e.jpg
in-n-out-burger-santa-clara.md,http://www.flickr.com/photos/bandon1/158512670/
in-n-out-burger-santa-clara.md,http://static.flickr.com/62/158512670_082fc27558.jpg
inaugural-bandon-farmers-market-a-huge-success.md,http://static.flickr.com/44/121243937_b7ac2cdae3_m.jpg)](http://www.flickr.com/photos/bandon1/121243937/
inaugural-bandon-farmers-market-a-huge-success.md,http://static.flickr.com/42/121244249_e1299a4554_m.jpg)](http://www.flickr.com/photos/bandon1/121244249/
inaugural-bandon-farmers-market-a-huge-success.md,http://static.flickr.com/45/121244030_0164b7505f_m.jpg)](http://www.flickr.com/photos/bandon1/121244030/
inaugural-bandon-farmers-market-a-huge-success.md,http://static.flickr.com/50/121244093_9f8c5999b4_m.jpg)](http://www.flickr.com/photos/bandon1/121244093/
inaugural-bandon-farmers-market-a-huge-success.md,http://static.flickr.com/29/121244133_669e9ce5ef_m.jpg)](http://www.flickr.com/photos/bandon1/121244133/
inaugural-bandon-farmers-market-a-huge-success.md,http://static.flickr.com/6/121244514_4ec6cf4c4f_m.jpg)](http://www.flickr.com/photos/bandon1/121244514/
inaugural-bandon-farmers-market-a-huge-success.md,http://static.flickr.com/33/121244340_aef0e664ac_m.jpg)](http://www.flickr.com/photos/bandon1/121244340/
inaugural-bandon-farmers-market-a-huge-success.md,http://static.flickr.com/32/121244387_81d705b6ed_m.jpg)](http://www.flickr.com/photos/bandon1/121244387/
inaugural-bandon-farmers-market-a-huge-success.md,http://static.flickr.com/29/121244817_5e97be9433_m.jpg)](http://www.flickr.com/photos/bandon1/121244817/
inaugural-bandon-farmers-market-a-huge-success.md,http://static.flickr.com/47/121244751_ea435133f8_m.jpg)](http://www.flickr.com/photos/bandon1/121244751/
inaugural-bandon-farmers-market-a-huge-success.md,http://static.flickr.com/30/121244591_b28c932836_m.jpg)](http://www.flickr.com/photos/bandon1/121244591/
inaugural-bandon-farmers-market-a-huge-success.md,http://static.flickr.com/41/121244884_1a0b709185_m.jpg)](http://www.flickr.com/photos/bandon1/121244884/
inaugural-bandon-farmers-market-a-huge-success.md,http://static.flickr.com/52/121243738_9c1cb08da3_m.jpg)](http://www.flickr.com/photos/bandon1/121243738/
irish-men-of-a-certain-age-brace-yourselves.md,http://static.flickr.com/110/282666120_08e93d871c_m.jpg)](http://www.flickr.com/photos/bandon1/282666120/
is-that-a-sausage-in-your-pocket-or-are-you-just-glad-to-see-me.md,http://static.flickr.com/25/60387194_5462d5cd25_m.jpg)](http://www.flickr.com/photos/bandon1/60387194/
is-that-a-sausage-in-your-pocket-or-are-you-just-glad-to-see-me.md,http://static.flickr.com/27/60387156_255fe8eccc_m.jpg)](http://www.flickr.com/photos/bandon1/60387156/
is-that-a-sausage-in-your-pocket-or-are-you-just-glad-to-see-me.md,http://static.flickr.com/30/60387207_efb0152cfa_m.jpg)](http://www.flickr.com/photos/bandon1/60387207/
is-that-a-sausage-in-your-pocket-or-are-you-just-glad-to-see-me.md,http://static.flickr.com/29/60387178_e285fc6d7b_m.jpg)](http://www.flickr.com/photos/bandon1/60387178/
is-that-a-sausage-in-your-pocket-or-are-you-just-glad-to-see-me.md,http://static.flickr.com/26/60387218_8aa0ee8ef9_m.jpg)](http://www.flickr.com/photos/bandon1/60387218/
is-that-a-sausage-in-your-pocket-or-are-you-just-glad-to-see-me.md,http://static.flickr.com/25/60387266_85941d52e7_m.jpg)](http://www.flickr.com/photos/bandon1/60387266/
is-that-a-sausage-in-your-pocket-or-are-you-just-glad-to-see-me.md,http://static.flickr.com/26/60387254_afde2ac339_m.jpg)](http://www.flickr.com/photos/bandon1/60387254/
is-that-a-sausage-in-your-pocket-or-are-you-just-glad-to-see-me.md,http://static.flickr.com/24/60387286_1241cd946c_m.jpg)](http://www.flickr.com/photos/bandon1/60387286/
is-that-a-sausage-in-your-pocket-or-are-you-just-glad-to-see-me.md,http://static.flickr.com/32/60387296_6194f86de6_m.jpg)](http://www.flickr.com/photos/bandon1/60387296/
is-that-a-sausage-in-your-pocket-or-are-you-just-glad-to-see-me.md,http://static.flickr.com/27/60387349_bb8f6a75b9_m.jpg)](http://www.flickr.com/photos/bandon1/60387349/
is-that-a-sausage-in-your-pocket-or-are-you-just-glad-to-see-me.md,http://static.flickr.com/32/60387401_07d3298e55_m.jpg)](http://www.flickr.com/photos/bandon1/60387401/
is-that-a-sausage-in-your-pocket-or-are-you-just-glad-to-see-me.md,http://static.flickr.com/25/60387417_1f3ca3a24a_m.jpg)](http://www.flickr.com/photos/bandon1/60387417/
is-that-a-sausage-in-your-pocket-or-are-you-just-glad-to-see-me.md,http://static.flickr.com/30/60387430_90b69ee434_m.jpg)](http://www.flickr.com/photos/bandon1/60387430/
is-that-a-sausage-in-your-pocket-or-are-you-just-glad-to-see-me.md,http://static.flickr.com/26/60387450_1a3d79b6a6_m.jpg)](http://www.flickr.com/photos/bandon1/60387450/
is-that-a-sausage-in-your-pocket-or-are-you-just-glad-to-see-me.md,http://static.flickr.com/31/60387467_643ce22a91_m.jpg)](http://www.flickr.com/photos/bandon1/60387467/
killarney-land-of-the-celtic-tigers-aran-sweater.md,http://static.flickr.com/32/58653843_31b3f93522_m.jpg)](http://www.flickr.com/photos/bandon1/58653843/
killarney-land-of-the-celtic-tigers-aran-sweater.md,http://static.flickr.com/27/58653895_d2a038e10a_m.jpg)](http://www.flickr.com/photos/bandon1/58653895/
killarney-land-of-the-celtic-tigers-aran-sweater.md,http://static.flickr.com/31/58653867_9e942d4b03_m.jpg)](http://www.flickr.com/photos/bandon1/58653867/
knife-sharpening-fetish.md,http://static.flickr.com/29/42378499_1e94d5a2ba_m.jpg)](http://www.flickr.com/photos/bandon1/42378499/
knife-sharpening-fetish.md,http://static.flickr.com/28/42377101_d45558ac3e_o.gif)](http://www.flickr.com/photos/bandon1/42377101/
knife-sharpening-fetish.md,http://static.flickr.com/32/42384240_8fd69c06f7_o.jpg)](http://www.flickr.com/photos/bandon1/42384240/
knife-sharpening-fetish.md,http://static.flickr.com/30/42266745_d9d012fe9e_m.jpg)](http://www.flickr.com/photos/bandon1/42266745/
knife-sharpening-fetish.md,http://static.flickr.com/26/40556714_476dafa8bb_m.jpg)](http://www.flickr.com/photos/bandon1/40556714/
knife-sharpening-fetish.md,http://static.flickr.com/26/40557040_a0b6d7fc05_m.jpg)](http://www.flickr.com/photos/bandon1/40557040/
knife-sharpening-fetish.md,http://static.flickr.com/27/40557752_ff3dc8b844_m.jpg)](http://www.flickr.com/photos/bandon1/40557752/
knife-sharpening-fetish.md,http://static.flickr.com/22/40558289_8cde38fb43_m.jpg)](http://www.flickr.com/photos/bandon1/40558289/
looks-like-shes-a-future-swimmer.md,http://static.flickr.com/48/143633711_eea66be72a.jpg)](http://www.flickr.com/photos/bandon1/143633711/
looks-like-shes-a-future-swimmer.md,http://static.flickr.com/53/143633793_ef3cdcfb55.jpg)](http://www.flickr.com/photos/bandon1/143633793/
looks-like-shes-a-future-swimmer.md,http://static.flickr.com/46/143633682_2e55870fb1.jpg)](http://www.flickr.com/photos/bandon1/143633682/
looks-like-shes-a-future-swimmer.md,http://static.flickr.com/51/143633753_711efb2a61.jpg)](http://www.flickr.com/photos/bandon1/143633753/
man-friday-not-so-hot-on-monday.md,http://static.flickr.com/5/5315865_6233dbd80a_m_d.jpg)
margherita-madness.md,http://static.flickr.com/62/195286187_127e1ba136_m.jpg)](http://flickr.com/photos/34306341@N00/195286187
margherita-madness.md,http://static.flickr.com/62/195286256_ae406d5739_m.jpg)](http://flickr.com/photos/34306341@N00/195286256
margherita-madness.md,http://static.flickr.com/61/195286333_224f1536a2_m.jpg)](http://flickr.com/photos/34306341@N00/195286333
meet-your-individual-seeking.md,http://static.flickr.com/51/153276951_59c79f0814.jpg)](http://www.flickr.com/photos/bandon1/153276951/
more-science-week-stuff.md,http://farm3.static.flickr.com/2143/1998689537_8b290280f6_m.jpg)](http://www.flickr.com/photos/bandon1/1998689537/
mr-krabbs-goes-to-bandon.md,http://static.flickr.com/42/101658820_42e542ac2a_m.jpg)](http://www.flickr.com/photos/bandon1/101658820/
mr-krabbs-goes-to-bandon.md,http://static.flickr.com/28/101658887_6fe75ac3c7_m.jpg)](http://www.flickr.com/photos/bandon1/101658887/
my-annual-fitness-frenzy-from-jan-4th-to-jan-5th-in-now-thankfully-at-an-end.md,http://static.flickr.com/42/82508072_71e7efee26.jpg)](http://www.flickr.com/photos/bandon1/82508072/
my-annual-fitness-frenzy-from-jan-4th-to-jan-5th-in-now-thankfully-at-an-end.md,http://static.flickr.com/37/82508067_ff7ebd4c23.jpg)](http://www.flickr.com/photos/bandon1/82508067/
my-army-training-tells-me-that-this-is-going-to-be-a-hot-mission.md,http://static.flickr.com/26/65197250_615414639c_m.jpg)](http://www.flickr.com/photos/bandon1/65197250/
my-poxy-children.md,http://static.flickr.com/94/205015496_8b7461a5f5_m.jpg)](http://www.flickr.com/photos/bandon1/205015496/
new-cork-foodie-blogger.md,http://farm4.static.flickr.com/3277/2709346493_4f774ba9ee.jpg)](http://www.flickr.com/photos/bandon1/2709346493/
nuture-my-ass.md,http://static.flickr.com/92/282146568_6a241f46e4_m.jpg)](http://www.flickr.com/photos/bandon1/282146568/
nuture-my-ass.md,http://static.flickr.com/82/282137663_47750a9ba9_m.jpg)](http://www.flickr.com/photos/bandon1/282137663/
old-chapel-drag-race-w00t.md,http://static.flickr.com/56/133457668_0cacb460f6.jpg)](http://www.flickr.com/photos/bandon1/133457668/
old-chapel-drag-race-w00t.md,http://static.flickr.com/47/133457587_5635ffdf4b.jpg)](http://www.flickr.com/photos/bandon1/133457587/
old-chapel-drag-race-w00t.md,http://static.flickr.com/55/133457243_1a78d2a435.jpg)](http://www.flickr.com/photos/bandon1/133457243/
old-chapel-drag-race-w00t.md,http://static.flickr.com/54/133457096_d275c5c44d.jpg)](http://www.flickr.com/photos/bandon1/133457096/
old-chapel-drag-race-w00t.md,http://static.flickr.com/45/133457178_af5f8bfacc.jpg)](http://www.flickr.com/photos/bandon1/133457178/
old-chapel-drag-race-w00t.md,http://static.flickr.com/56/133456783_6cb31a5ab1.jpg)](http://www.flickr.com/photos/bandon1/133456783/
oops-we-did-it-again.md,http://static.flickr.com/46/112544276_aa28576c75_m.jpg)](http://www.flickr.com/photos/bandon1/112544276/
opportunity-for-a-property-developer.md,http://farm4.static.flickr.com/3061/2692509277_cc5893aeab.jpg)](http://www.flickr.com/photos/bandon1/2692509277/
oscar-wins-his-category-in-bandon-show.md,http://photos11.flickr.com/15507160_64b272dd2f_m.jpg)](http://www.flickr.com/photos/bandon1/15507160/
oscar-wins-his-category-in-bandon-show.md,http://www.flickr.com/photos/bandon1/15507160/)
oscar-wins-his-category-in-bandon-show.md,http://www.flickr.com/people/bandon1/).
ottos-creative-catering-one-of-our-top-5-meals-of-all-time.md,http://static.flickr.com/33/42267008_32255de0f3_m.jpg)](http://www.flickr.com/photos/bandon1/42267008/
ottos-creative-catering-one-of-our-top-5-meals-of-all-time.md,http://static.flickr.com/27/42252077_628bd77ca5_m.jpg
ottos-creative-catering-one-of-our-top-5-meals-of-all-time.md,http://static.flickr.com/31/42443713_dbddaf8bab_m.jpg)](http://www.flickr.com/photos/bandon1/42443713/
our-peach-harvest.md,http://farm2.static.flickr.com/1354/1192671090_f329925af6_m.jpg)](http://www.flickr.com/photos/bandon1/1192671090/
photos-from-farmers-market-on-riya.md,http://www.flickr.com/))
pictures-camera-phones-picture-editing-and-that-internet.md,http://www.flickr.com/).
pictures-camera-phones-picture-editing-and-that-internet.md,http://www.flickr.com/)
real-gourmet-burger-menu.md,http://static.flickr.com/101/292656360_3929625555_m.jpg)](http://www.flickr.com/photos/bandon1/292656360/
real-gourmet-burger-menu.md,http://static.flickr.com/102/292655869_728cbfb757_m.jpg)](http://www.flickr.com/photos/bandon1/292655869/
repentent-ex-citroeniste.md,http://static.flickr.com/33/53825882_c485be7b72_m.jpg)](http://www.flickr.com/photos/bandon1/53825882/
repentent-ex-citroeniste.md,http://static.flickr.com/31/53825844_3c2734e4b6_o.jpg)](http://www.flickr.com/photos/bandon1/53825844/
repentent-ex-citroeniste.md,http://static.flickr.com/31/53825923_1d87e31352_m.jpg)](http://www.flickr.com/photos/bandon1/53825923/
repentent-ex-citroeniste.md,http://static.flickr.com/33/53825901_f852d7d387_m.jpg)](http://www.flickr.com/photos/bandon1/53825901/
repentent-ex-citroeniste.md,http://static.flickr.com/32/53827580_ab377c7259_o.jpg)](http://www.flickr.com/photos/bandon1/53827580/
request-for-feedback-structured-recipes.md,http://static.flickr.com/47/114905703_1c714ca942.jpg)](http://www.flickr.com/photos/bandon1/114905703/
request-for-feedback-structured-recipes.md,http://static.flickr.com/45/114905686_d4f104582d.jpg)](http://www.flickr.com/photos/bandon1/114905686/
request-for-feedback-structured-recipes.md,http://static.flickr.com/55/114905722_79f61f1942.jpg)](http://www.flickr.com/photos/bandon1/114905722/
request-for-feedback-structured-recipes.md,http://static.flickr.com/42/114905736_0734c6b53a.jpg)](http://www.flickr.com/photos/bandon1/114905736/
request-for-feedback-structured-recipes.md,http://static.flickr.com/55/114905761_1998643979.jpg)](http://www.flickr.com/photos/bandon1/114905761/
return-to-the-holy-land.md,http://static.flickr.com/44/158507181_eb82c2f5a2.jpg)](http://www.flickr.com/photos/bandon1/158507181/
return-to-the-holy-land.md,http://static.flickr.com/60/158507182_8ac5c3943c.jpg)](http://www.flickr.com/photos/bandon1/158507182/
review-of-apollo-stunt-king-kids-bike.md,http://farm2.static.flickr.com/1227/726153943_4cb616a700.jpg)](http://www.flickr.com/photos/bandon1/726153943/
review-of-hairy-baby-hoodie.md,http://farm2.static.flickr.com/1190/913336229_3c5fee4d8f.jpg)](http://www.flickr.com/photos/bandon1/913336229/
review-of-house-md.md,http://farm2.static.flickr.com/1315/965154116_b75f12baa2_o.png)](http://www.flickr.com/photos/bandon1/965154116/
review-of-house-md.md,http://www.flickr.com/photos/bandon1/965154116/
review-of-jacques-restaurant.md,http://farm1.static.flickr.com/192/499399703_256392f97c_m.jpg)
review-of-jacques-restaurant.md,http://farm1.static.flickr.com/229/499351814_be98691a7b_m.jpg)
review-of-jacques-restaurant.md,http://farm1.static.flickr.com/227/499399529_536ad97987_m.jpg)
review-of-jacques-restaurant.md,http://farm1.static.flickr.com/219/499400139_7ebdd2c02e_m.jpg)
review-of-jacques-restaurant.md,http://farm1.static.flickr.com/220/499351386_4092684a72_m.jpg)
review-of-jacques-restaurant.md,http://farm1.static.flickr.com/218/499400523_4c9e513db7_m.jpg)
review-of-mccarthys-maize-maze.md,http://farm2.static.flickr.com/1355/1307120648_b487c2a9b5.jpg)](http://www.flickr.com/photos/bandon1/1307120648/
review-of-science-museum-london.md,http://farm3.static.flickr.com/2153/2114062213_8cf2c073f0_m.jpg)](http://www.flickr.com/photos/bandon1/2114062213/
review-of-science-museum-london.md,http://farm3.static.flickr.com/2116/2114062449_42591f1797_m.jpg)](http://www.flickr.com/photos/bandon1/2114062449/
review-of-science-museum-london.md,http://farm3.static.flickr.com/2091/2114064549_eb8a202ac9_m.jpg)](http://www.flickr.com/photos/bandon1/2114064549/
review-of-science-museum-london.md,http://farm3.static.flickr.com/2156/2114064693_036ac7b7a2_m.jpg)](http://www.flickr.com/photos/bandon1/2114064693/
review-of-science-museum-london.md,http://farm3.static.flickr.com/2287/2114063073_e672489397_m.jpg)](http://www.flickr.com/photos/bandon1/2114063073/
review-of-science-museum-london.md,http://farm3.static.flickr.com/2265/2114840432_0babecf1de_m.jpg)](http://www.flickr.com/photos/bandon1/2114840432/
review-of-science-museum-london.md,http://farm3.static.flickr.com/2224/2114062795_0792b9e1af_m.jpg)](http://www.flickr.com/photos/bandon1/2114062795/
review-of-science-museum-london.md,http://farm3.static.flickr.com/2246/2114839730_3fbda65914_m.jpg)](http://www.flickr.com/photos/bandon1/2114839730/
review-of-science-museum-london.md,http://farm3.static.flickr.com/2354/2114840506_237ee72245_m.jpg)](http://www.flickr.com/photos/bandon1/2114840506/
review-of-the-old-post-inn-2.md,http://farm3.static.flickr.com/2231/2252144265_0ca66d74d6_m.jpg)
review-of-the-old-post-inn-2.md,http://www.flickr.com/photos/bandon1/2252144265/
review-of-the-old-post-inn-2.md,http://farm3.static.flickr.com/2407/2252142095_9c6e0dd7e6_m.jpg)
review-of-the-old-post-inn-2.md,http://www.flickr.com/photos/bandon1/2252142095/
review-of-the-old-post-inn-2.md,http://farm3.static.flickr.com/2037/2252944804_4a9284d90a_m.jpg)
review-of-the-old-post-inn-2.md,http://www.flickr.com/photos/bandon1/2252944804/
review-of-the-old-post-inn-2.md,http://farm3.static.flickr.com/2369/2252946190_8e42554901_m.jpg)
review-of-the-old-post-inn-2.md,http://www.flickr.com/photos/bandon1/2252946190/
review-of-the-old-post-inn-2.md,http://farm3.static.flickr.com/2215/2252152567_4791992215_m.jpg)
review-of-the-old-post-inn-2.md,http://www.flickr.com/photos/bandon1/2252152567/
review-of-the-old-post-inn-2.md,http://farm3.static.flickr.com/2096/2252150897_520725e128_m.jpg)
review-of-the-old-post-inn-2.md,http://www.flickr.com/photos/bandon1/2252150897/
review-of-wagamama.md,http://farm2.static.flickr.com/1425/820269919_3cc20c6bf8.jpg)
review-of-wagamama.md,http://farm2.static.flickr.com/1002/821142694_093fffd1b2.jpg)
review-of-wagamama.md,http://farm2.static.flickr.com/1059/821143978_64a9bddb6f.jpg)
review-of-wagamama.md,http://farm2.static.flickr.com/1322/821146952_5c62a9be1f.jpg)
rosslare-in-august.md,http://static.flickr.com/71/213051661_f9c728702e.jpg)](http://www.flickr.com/photos/bandon1/213051661/
rosslare-in-august.md,http://static.flickr.com/72/213051768_ffb44c5ec0.jpg)](http://www.flickr.com/photos/bandon1/213051768/
salt-lick-bbq-driftwood-texas-can-i-have-a-franchise-please.md,http://static.flickr.com/42/87669323_8836e205d3_m.jpg)](http://www.flickr.com/photos/bandon1/87669323/
salt-lick-bbq-driftwood-texas-can-i-have-a-franchise-please.md,http://static.flickr.com/43/87669777_dc520666b4_m.jpg)](http://www.flickr.com/photos/bandon1/87669777/
salt-lick-bbq-driftwood-texas-can-i-have-a-franchise-please.md,http://static.flickr.com/41/87669774_8e9dd991af_m.jpg)](http://www.flickr.com/photos/bandon1/87669774/
salt-lick-bbq-driftwood-texas-can-i-have-a-franchise-please.md,http://static.flickr.com/43/87669322_a412cae823_m.jpg)](http://www.flickr.com/photos/bandon1/87669322/
salt-lick-bbq-driftwood-texas-can-i-have-a-franchise-please.md,http://static.flickr.com/41/87669327_90d1a235c5_m.jpg)](http://www.flickr.com/photos/bandon1/87669327/
salt-lick-bbq-driftwood-texas-can-i-have-a-franchise-please.md,http://static.flickr.com/37/87669773_fe99de5491_m.jpg)](http://www.flickr.com/photos/bandon1/87669773/
salt-lick-bbq-driftwood-texas-can-i-have-a-franchise-please.md,http://static.flickr.com/42/87669775_f1666a4b82_m.jpg)](http://www.flickr.com/photos/bandon1/87669775/
salt-lick-bbq-driftwood-texas-can-i-have-a-franchise-please.md,http://static.flickr.com/36/87669783_fd92181a37_m.jpg)](http://www.flickr.com/photos/bandon1/87669783/
salt-lick-bbq-driftwood-texas-can-i-have-a-franchise-please.md,http://static.flickr.com/39/87669776_be8905de07_m.jpg)](http://www.flickr.com/photos/bandon1/87669776/
salt-lick-bbq-driftwood-texas-can-i-have-a-franchise-please.md,http://static.flickr.com/37/88068450_e3c41a7874_m.jpg)](http://www.flickr.com/photos/bandon1/88068450/
sausage-semi-success-satisfies.md,http://static.flickr.com/35/98659331_ff956895ff_m.jpg)](http://www.flickr.com/photos/bandon1/98659331/
sausage-semi-success-satisfies.md,http://static.flickr.com/34/98659358_92a73da295_m.jpg)](http://www.flickr.com/photos/bandon1/98659358/
sausage-semi-success-satisfies.md,http://static.flickr.com/43/98659386_1b21590c5e_m.jpg)](http://www.flickr.com/photos/bandon1/98659386/
sausage-semi-success-satisfies.md,http://static.flickr.com/42/98659285_50bee3d4df_m.jpg)](http://www.flickr.com/photos/bandon1/98659285/
science-week-next-gadget-purchase.md,http://farm3.static.flickr.com/2309/2031909610_2da5fbc251_m.jpg)](http://www.flickr.com/photos/bandon1/2031909610/
science-week-next-gadget-purchase.md,http://farm3.static.flickr.com/2337/2031909316_40c489969d_m.jpg)](http://www.flickr.com/photos/bandon1/2031909316/
shes-a-keeper.md,http://static.flickr.com/117/297933843_ce2cdd549f_m.jpg)](http://www.flickr.com/photos/bandon1/297933843/
shes-a-keeper.md,http://static.flickr.com/117/297933635_8a65117fe7_m.jpg)](http://www.flickr.com/photos/bandon1/297933635/
shes-a-keeper.md,http://static.flickr.com/105/297933477_c8eded358a_m.jpg)](http://www.flickr.com/photos/bandon1/297933477/
shes-a-keeper.md,http://static.flickr.com/118/297933328_72f1cf3967_m.jpg)](http://www.flickr.com/photos/bandon1/297933328/
smile-and-wave-boys-smile-and-wave.md,http://static.flickr.com/39/80519351_e823874373_m.jpg)](http://www.flickr.com/photos/bandon1/80519351/
smile-and-wave-boys-smile-and-wave.md,http://static.flickr.com/39/80519578_59d7b6bb0f_m.jpg)](http://www.flickr.com/photos/bandon1/80519578/
so-dora-stephanie-jojo-barbie-oneill-it-is-then.md,http://static.flickr.com/52/183267222_ee3232f658.jpg)](http://www.flickr.com/photos/bandon1/183267222/
so-i-told-a-little-white-lie.md,http://static.flickr.com/122/273716000_f52a92ea1c_m.jpg)](http://www.flickr.com/photos/bandon1/273716000/
so-i-told-a-little-white-lie.md,http://static.flickr.com/97/273715882_1e434f4c3c_m.jpg)](http://www.flickr.com/photos/bandon1/273715882/
spongebob-the-lobster.md,http://static.flickr.com/20/72110870_fcd2cee65e_m.jpg)](http://www.flickr.com/photos/bandon1/72110870/
spongebob-the-lobster.md,http://static.flickr.com/35/72109951_456ab00c35_m.jpg)](http://www.flickr.com/photos/bandon1/72109951/
stormhoek-not-quite-stonking-but-pretty-damned-good.md,http://static.flickr.com/29/43079659_2ba40ab4f7_m.jpg)](http://www.flickr.com/photos/bandon1/43079659/
sushi-saturday.md,http://static.flickr.com/56/132953468_a73c3d4bcc.jpg)](http://www.flickr.com/photos/bandon1/132953468/
sushi-saturday.md,http://static.flickr.com/46/132953575_e38e4da7ce.jpg)](http://www.flickr.com/photos/bandon1/132953575/
sushi-saturday.md,http://static.flickr.com/55/132953634_54e5f84a13.jpg)](http://www.flickr.com/photos/bandon1/132953634/
sushi-saturday.md,http://static.flickr.com/56/132953394_5614d30962.jpg)](http://www.flickr.com/photos/bandon1/132953394/
sweeeeettttttttt-caroline.md,http://static.flickr.com/33/55579947_85eab7b68c_m.jpg)](http://www.flickr.com/photos/bandon1/55579947/
sweeeeettttttttt-caroline.md,http://static.flickr.com/25/55580498_2180f45395_m.jpg)](http://www.flickr.com/photos/bandon1/55580498/
sweeeeettttttttt-caroline.md,http://static.flickr.com/27/55580363_cd3a787c98_m.jpg)](http://www.flickr.com/photos/bandon1/55580363/
sweeeeettttttttt-caroline.md,http://static.flickr.com/27/55580099_08ce352415_m.jpg)](http://www.flickr.com/photos/bandon1/55580099/
sweeeeettttttttt-caroline.md,http://static.flickr.com/31/55580237_62c37dd5b9_m.jpg)](http://www.flickr.com/photos/bandon1/55580237/
sweeeeettttttttt-caroline.md,http://static.flickr.com/30/55580178_caf49267f0_m.jpg)](http://www.flickr.com/photos/bandon1/55580178/
sweeeeettttttttt-caroline.md,http://static.flickr.com/25/55580435_bc53c37956_m.jpg)](http://www.flickr.com/photos/bandon1/55580435/
sweeeeettttttttt-caroline.md,http://www.flickr.com/photos/bandon1/sets/1203847/).
tapenade-bistro-on-n7n8.md,http://farm3.static.flickr.com/2188/2097587794_8c781a5cb6_m.jpg)](http://www.flickr.com/photos/bandon1/2097587794/
tapenade-bistro-on-n7n8.md,http://farm3.static.flickr.com/2029/2097588018_e5365e4c92_m.jpg)](http://www.flickr.com/photos/bandon1/2097588018/
teensey-buglet-in-yahoo-mail.md,http://static.flickr.com/61/194613265_264eeba4fe_o.jpg)](http://www.flickr.com/photos/bandon1/194613265/
text-your-loves-and-loathings-to-loudervoice.md,http://farm3.static.flickr.com/2067/2084716900_f50bc8510f_m.jpg)](http://www.flickr.com/photos/bandon1/2084716900/
text-your-loves-and-loathings-to-loudervoice.md,http://farm3.static.flickr.com/2167/2050500856_010bdb42a3.jpg)](http://www.flickr.com/photos/bandon1/2050500856/
the-good-things-cafe-the-2-day-kitchen-miracle-programme.md,http://static.flickr.com/45/150561542_4848485f4b.jpg)](http://www.flickr.com/photos/bandon1/150561542/
the-good-things-cafe-the-2-day-kitchen-miracle-programme.md,http://static.flickr.com/56/150561068_0a421585ec.jpg)](http://www.flickr.com/photos/bandon1/150561068/
the-good-things-cafe-the-2-day-kitchen-miracle-programme.md,http://static.flickr.com/47/150560713_beb4b0c587.jpg)](http://www.flickr.com/photos/bandon1/150560713/
the-good-things-cafe-the-2-day-kitchen-miracle-programme.md,http://static.flickr.com/54/150561332_462be3d7de.jpg)](http://www.flickr.com/photos/bandon1/150561332/
the-good-things-cafe-the-2-day-kitchen-miracle-programme.md,http://static.flickr.com/46/150560920_a6e6cae713.jpg)](http://www.flickr.com/photos/bandon1/150560920/
the-good-things-cafe-the-2-day-kitchen-miracle-programme.md,http://static.flickr.com/52/150560994_7fe231a3c7.jpg)](http://www.flickr.com/photos/bandon1/150560994/
the-good-things-cafe-the-2-day-kitchen-miracle-programme.md,http://static.flickr.com/45/150561204_dbc349b6e2.jpg)](http://www.flickr.com/photos/bandon1/150561204/
the-new-noddy-and-big-ears-wheels.md,http://static.flickr.com/52/158507188_2e57e3730b.jpg)](http://www.flickr.com/photos/bandon1/158507188/
the-next-alan-turing.md,http://photos17.flickr.com/21966235_26854edbe3_m.jpg)](http://www.flickr.com/photos/bandon1/21966235/
the-next-alan-turing.md,http://www.flickr.com/photos/bandon1/21966235/)
the-next-alan-turing.md,http://www.flickr.com/people/bandon1/).
the-swarm.md,http://static.flickr.com/62/215048560_bce15c1596.jpg)](http://www.flickr.com/photos/bandon1/215048560/
this-week-well-be-mostly-driving-the-asskicker-40000.md,http://static.flickr.com/39/87583141_1986ba06bf_m.jpg)](http://www.flickr.com/photos/bandon1/87583141/
this-week-well-be-mostly-driving-the-asskicker-40000.md,http://static.flickr.com/40/87583139_85a75df955_m.jpg)](http://www.flickr.com/photos/bandon1/87583139/
this-week-well-be-mostly-driving-the-asskicker-40000.md,http://static.flickr.com/37/87583142_f8f90f7537_m.jpg)](http://www.flickr.com/photos/bandon1/87583142/
those-naked-plums-do-it-again.md,http://static.flickr.com/44/132763535_2fb90805b6_o.jpg)](http://www.flickr.com/photos/bandon1/132763535/
tonights-final-the-badginator-vs-bride-of-chucky.md,http://static.flickr.com/56/144165925_2baccc09e3_o.jpg)](http://www.flickr.com/photos/bandon1/144165925/
tons-of-peaches-and-no-salad.md,http://farm2.static.flickr.com/1009/537062161_06993f6c59_m.jpg)](http://www.flickr.com/photos/bandon1/537062161/
tons-of-peaches-and-no-salad.md,http://farm2.static.flickr.com/1395/537061957_e1f74ed616_m.jpg)](http://www.flickr.com/photos/bandon1/537061957/
tons-of-peaches-and-no-salad.md,http://farm2.static.flickr.com/1387/536946780_a5cb28840f_m.jpg)](http://www.flickr.com/photos/bandon1/536946780/
tons-of-peaches-and-no-salad.md,http://farm2.static.flickr.com/1063/536946420_e562cb7f2a_m.jpg)](http://www.flickr.com/photos/bandon1/536946420/
tons-of-peaches-and-no-salad.md,http://farm2.static.flickr.com/1064/536945486_ceba7b265c_m.jpg)](http://www.flickr.com/photos/bandon1/536945486/
top-google-with-the-loudervoice-reviews-competition.md,http://farm3.static.flickr.com/2055/2198814689_4de3296f34.jpg)](http://www.flickr.com/photos/bandon1/2198814689/
treffen-2005-in-bandon.md,http://photos33.flickr.com/39019044_96ecd688c3_m.jpg)](http://www.flickr.com/photos/bandon1/39019044/
treffen-2005-in-bandon.md,http://www.flickr.com/photos/bandon1/39019044/in/set-859816/)
ummera-do-smoked-bacon.md,http://static.flickr.com/18/70598611_fda7662e82_m.jpg)](http://www.flickr.com/photos/bandon1/70598611/
ummera-smoked-eel-from-ballymore-eustace-to-bandon.md,http://static.flickr.com/38/80822648_73634d1c3d_m.jpg)](http://www.flickr.com/photos/bandon1/80822648/
unfit-cough-moi-wheeze-what-was-the-question-again.md,http://static.flickr.com/30/59771098_f638c537d5.jpg)](http://static.flickr.com/30/59771098_f638c537d5_o.gif)
useful-nut-warnings.md,http://static.flickr.com/27/62383378_7b96f29302.jpg)](http://www.flickr.com/photos/bandon1/62383378/
weight-crash-in-aisle-five.md,http://static.flickr.com/32/65799659_0e0f7c9ab5.jpg)](http://www.flickr.com/photos/bandon1/65799659/
where-is-this-greece-place-you-speak-of.md,http://farm3.static.flickr.com/2239/2171675094_87e7b97319_o.png)](http://www.flickr.com/photos/bandon1/2171675094/
worlds-first-view-of-fionn-oneill.md,http://photos22.flickr.com/24287349_e4f53646c6_m.jpg)](http://www.flickr.com/photos/bandon1/24287349/
worlds-first-view-of-fionn-oneill.md,http://www.flickr.com/photos/bandon1/24287349/)
worlds-first-view-of-fionn-oneill.md,http://www.flickr.com/people/bandon1/).
yahoo-mail-beta-screenshots.md,http://static.flickr.com/37/121776243_c8967e3f68_m.jpg)](http://www.flickr.com/photos/bandon1/121776243/
yahoo-mail-beta-screenshots.md,http://static.flickr.com/40/121776228_3fd4576a02_m.jpg)](http://www.flickr.com/photos/bandon1/121776228/
yeah-i-know-its-totally-anal-but.md,http://static.flickr.com/28/59793745_da292c1cab.jpg)](http://static.flickr.com/28/59793745_da292c1cab_o.gif)
yeah-i-know-its-totally-anal-but.md,http://static.flickr.com/26/59793759_d6478c5abb.jpg)](http://static.flickr.com/26/59793759_d6478c5abb_o.gif)
yes-the-fish-is-fantastic.md,http://farm4.static.flickr.com/3205/2597952092_cb01742a80.jpg)](http://www.flickr.com/photos/bandon1/2597952092/
yes-the-fish-is-fantastic.md,http://farm4.static.flickr.com/3186/2597952088_105b4705ae.jpg)](http://www.flickr.com/photos/bandon1/2597952088/
yes-the-fish-is-fantastic.md,http://farm3.static.flickr.com/2394/2597952090_500cb1bb1c.jpg)](http://www.flickr.com/photos/bandon1/2597952090/
yoplait-have-a-customer-for-life.md,http://static.flickr.com/94/213052838_715c9764fb.jpg)](http://www.flickr.com/photos/bandon1/213052838/
yoplait-have-a-customer-for-life.md,http://static.flickr.com/63/213053127_9ff71fe132.jpg)](http://www.flickr.com/photos/bandon1/213053127/
yoplait-make-oscar-mad-again.md,http://static.flickr.com/74/200981928_17acad1b9e.jpg)](http://www.flickr.com/photos/bandon1/200981928/
you-cant-get-much-simpler-than-this.md,http://static.flickr.com/92/239280581_09b5c938ed.jpg)](http://www.flickr.com/photos/bandon1/239280581/
you-may-feel-a-small-prick.md,http://farm1.static.flickr.com/132/346737789_4e3da73518_m.jpg)](http://www.flickr.com/photos/bandon1/346737789/
you-may-feel-a-small-prick.md,http://farm1.static.flickr.com/133/346738487_ddbebf6eb3_m.jpg)](http://www.flickr.com/photos/bandon1/346738487/
you-may-feel-a-small-prick.md,http://farm1.static.flickr.com/146/346737491_47c4f0c9a3_m.jpg)](http://www.flickr.com/photos/bandon1/346737491/
zx-spectrum-launched-25-years-ago-today.md,http://farm1.static.flickr.com/213/469641849_8d5cde33ba_m.jpg)](http://www.flickr.com/photos/bandon1/469641849/
